sex,bmi,children,smoker,region,charges
male,31.57,3,no,southeast,4837.5823
female,31.02,0,no,southeast,6185.3208
female,18.5,1,no,southwest,4766.022
male,26.41,2,no,northeast,11244.3769
male,36.2,1,no,southwest,8068.185
female,40.66,0,no,northeast,9875.6804
male,28.405,1,no,northwest,6664.68595
female,32.1,3,no,southwest,14007.222
male,35.2,1,no,southwest,2416.955
female,39.7,0,no,southwest,14319.031
male,24.4,3,yes,southwest,18259.216
female,41.42,1,no,northwest,28476.73499
female,31.46,0,no,southeast,1877.9294
female,31.13,0,no,southeast,1621.8827
female,29.6,0,no,southwest,1875.344
female,33.11,0,yes,southeast,40974.1649
male,23.655,0,no,northeast,13129.60345
female,22.135,0,no,northeast,2585.85065
male,32.11,0,no,northeast,13555.0049
male,25.555,1,no,northwest,2221.56445
female,22.515,0,no,northwest,2117.33885
female,34.21,1,no,southeast,5245.2269
male,46.53,1,no,southeast,2927.0647
male,39.49,1,no,southeast,3875.7341
male,32.3,1,no,northwest,8765.249
female,32.68,2,no,northwest,26018.95052
female,31.35,4,no,northeast,4561.1885
female,34.96,2,yes,northeast,44641.1974
male,24.51,0,no,northeast,2396.0959
female,31.92,0,no,northwest,2261.5688
male,34.1,0,no,southwest,5979.731
female,27.74,0,no,northeast,5469.0066
female,34.58,2,no,northeast,3925.7582
male,27.1,1,yes,southwest,19040.876
female,31.825,2,no,northeast,16069.08475
female,29.81,0,yes,southeast,27533.9129
male,30.495,0,no,northeast,10072.05505
female,32.45,0,yes,southeast,45008.9555
male,28.1,0,no,southwest,10965.446
male,28.8,1,no,southwest,6282.235
male,33.63,1,no,northwest,11945.1327
male,25.8,5,no,southwest,10096.97
male,34.96,1,yes,northeast,41034.2214
female,39.615,1,no,northwest,2730.10785
female,23.56,0,no,northeast,4992.3764
female,40.5,0,no,southwest,1759.338
female,36.29,3,no,northeast,6551.7501
male,37.0,0,no,southwest,8798.593
female,36.955,1,no,northwest,8023.13545
male,32.01,0,no,southeast,1981.5819
female,25.6,4,no,southwest,5708.867
female,31.24,0,no,southeast,10338.9316
male,32.775,3,no,northwest,11289.10925
female,30.305,0,no,northeast,2203.73595
female,24.6,2,no,southwest,4529.477
female,34.105,1,no,northwest,6112.35295
male,20.3,0,no,southwest,1242.26
male,33.725,0,no,northwest,10976.24575
female,32.9,2,no,southwest,5375.038
male,36.6,3,no,southwest,11264.541
male,37.4,0,no,southwest,12979.358
female,39.05,3,yes,southeast,40932.4295
male,29.15,0,yes,southeast,18246.4955
female,41.8,0,no,southeast,5662.225
male,27.6,0,no,southwest,1252.407
male,28.5,0,yes,northwest,18310.742
male,44.22,2,no,southeast,4266.1658
male,30.14,0,no,southeast,1131.5066
female,29.81,2,no,southeast,8219.2039
male,35.97,2,no,southeast,7160.3303
female,28.0,3,no,southwest,7151.092
male,25.4,0,no,southwest,8782.469
male,33.44,5,no,southeast,6653.7886
male,27.1,1,no,southwest,4746.344
male,24.795,2,yes,northwest,23967.38305
male,25.365,1,no,northwest,7518.02535
female,27.835,2,no,northeast,7144.86265
male,28.215,3,yes,northwest,24915.22085
female,33.33,4,no,southeast,36580.28216
male,18.715,0,no,northwest,21595.38229
male,33.82,1,no,northwest,4462.7218
male,31.255,0,no,northwest,1909.52745
female,18.335,0,no,northeast,13204.28565
female,29.59,1,no,southeast,4562.8421
female,30.495,2,no,northwest,15019.76005
female,18.3,5,yes,southwest,19023.26
male,38.94,1,no,southeast,3471.4096
male,32.8,1,no,southwest,14358.36437
male,30.25,0,no,southeast,3704.3545
male,37.07,1,no,southeast,9048.0273
female,32.56,3,yes,southeast,40941.2854
female,41.1,0,no,southwest,3989.841
male,38.83,1,no,southeast,18963.17192
female,17.4,1,no,southwest,2585.269
male,41.69,0,no,southeast,5438.7491
male,35.75,1,yes,southeast,40273.6455
female,38.06,0,yes,southeast,44400.4064
male,28.69,3,no,northwest,10264.4421
male,24.32,1,no,northwest,13112.6048
female,26.62,0,no,southeast,3757.8448
female,27.7,3,no,southwest,6414.178
female,26.18,1,no,southeast,7046.7222
female,30.8,3,no,southwest,9414.92
female,25.84,0,no,northwest,5266.3656
female,32.78,2,yes,southeast,36021.0112
female,24.1,0,no,southwest,2974.126
male,22.515,0,no,northeast,8688.85885
male,40.92,0,yes,southeast,48673.5588
male,35.815,0,no,northwest,4320.41085
male,23.2,0,no,southwest,6250.435
male,30.2,2,yes,southwest,38998.546
male,24.795,3,no,northeast,9500.57305
male,21.375,0,no,northeast,4500.33925
male,30.115,5,no,northeast,4915.05985
female,25.8,1,no,southwest,7624.63
female,34.1,3,no,southwest,7418.522
female,26.885,0,no,northwest,5267.81815
female,34.6,0,no,southwest,2020.177
male,31.445,0,no,northeast,13974.45555
female,19.095,2,yes,northeast,16776.30405
male,29.8,0,no,southwest,20420.60465
male,29.9,0,no,southwest,10214.636
female,32.49,0,yes,northwest,36898.73308
female,31.16,0,no,northeast,3943.5954
male,26.125,2,no,northeast,7729.64575
male,32.395,1,no,northwest,2362.22905
female,22.61,1,no,northwest,9566.9909
female,27.075,1,no,northeast,10106.13425
female,30.1,3,no,southwest,4234.927
male,24.035,2,no,northeast,8604.48365
male,37.43,3,no,northeast,5428.7277
female,19.475,2,no,northwest,6933.24225
female,26.7,2,no,southwest,11150.78
male,28.88,0,no,northwest,9869.8102
male,41.14,0,no,southeast,1146.7966
female,35.53,0,yes,northwest,55135.40209
male,17.67,0,no,northwest,2680.9493
female,28.31,0,no,northeast,11657.7189
female,31.35,0,no,northwest,12622.1795
male,50.38,1,no,southeast,2438.0552
female,27.5,1,no,southwest,7626.993
female,39.16,0,no,southeast,13470.8044
male,37.18,2,no,southeast,4673.3922
female,27.5,0,no,southwest,12233.828
male,31.255,0,no,northwest,6358.77645
female,34.32,5,no,southeast,8596.8278
female,20.52,0,yes,northeast,14571.8908
male,27.74,1,no,northeast,9957.7216
male,38.38,0,no,northwest,12950.0712
female,23.0,3,no,southwest,12094.478
female,25.3,1,no,southwest,7045.499
male,37.29,2,no,southeast,8978.1851
female,26.22,2,no,northwest,10493.9458
female,32.3,1,no,northeast,11512.405
female,25.85,3,yes,southeast,24180.9335
male,35.75,1,yes,southeast,38282.7495
female,19.95,3,no,northwest,5693.4305
female,18.6,0,no,southwest,1728.897
female,28.12,3,no,northwest,11085.5868
male,32.3,2,no,southwest,9630.397
male,44.88,0,yes,southeast,39722.7462
male,40.37,0,no,southeast,10982.5013
male,31.13,1,yes,southeast,34806.4677
male,23.655,0,no,northwest,2352.96845
female,34.87,0,no,southeast,2020.5523
female,21.755,1,yes,northeast,16657.71745
female,27.265,1,no,northeast,9447.25035
male,27.0,2,no,southwest,11737.84884
male,21.755,0,no,northwest,1627.28245
male,27.645,2,no,northeast,5031.26955
female,22.8,3,no,northeast,7985.815
female,22.895,1,no,northeast,4719.52405
male,33.82,1,no,northwest,5377.4578
female,23.845,3,yes,northeast,24106.91255
male,43.7,1,no,southwest,11576.13
male,24.86,0,no,southeast,5966.8874
female,25.0,0,no,southwest,13451.122
female,28.405,1,no,northwest,4527.18295
female,25.9,0,no,southwest,3353.284
male,40.15,0,no,southeast,7804.1605
female,27.645,1,no,northwest,28340.18885
female,22.8,0,no,southwest,8269.044
female,22.515,1,no,northwest,3594.17085
male,21.78,2,no,southeast,11884.04858
male,47.74,1,no,southeast,9748.9106
female,33.7,4,no,southwest,11299.343
male,33.33,2,yes,southeast,36124.5737
female,22.135,3,no,northeast,7228.21565
female,44.745,0,no,northeast,9541.69555
female,27.83,0,yes,southeast,23065.4207
male,26.03,0,no,northeast,3070.8087
male,35.97,1,no,southeast,9386.1613
male,36.955,0,no,northeast,12741.16745
female,24.225,0,no,northwest,2842.76075
male,37.1,3,no,southwest,3597.596
female,23.465,2,no,northeast,6402.29135
female,40.26,0,no,southeast,1634.5734
male,26.79,1,no,northwest,12609.88702
male,25.46,1,no,northeast,25517.11363
male,19.19,1,no,northeast,8627.5411
female,24.605,1,no,northwest,2709.24395
male,27.265,2,no,northwest,22493.65964
male,35.245,1,no,northeast,11394.06555
female,23.87,5,no,southeast,8582.3023
male,33.82,0,no,northwest,19673.33573
male,32.8,0,yes,southwest,52590.82939
female,27.93,4,no,northwest,11015.1747
male,31.35,3,yes,northwest,46130.5265
male,35.4,0,no,southwest,1263.249
female,25.175,2,no,northeast,9095.06825
male,34.32,3,no,southeast,5934.3798
male,36.86,0,no,northwest,1917.3184
female,35.97,0,no,southeast,14313.8463
female,42.24,0,yes,southeast,38792.6856
male,22.515,2,no,northeast,4428.88785
male,21.85,1,no,northwest,6117.4945
female,32.23,1,no,southeast,18218.16139
female,33.535,2,no,northwest,12269.68865
male,39.5,0,no,southwest,1682.597
female,29.04,4,no,southeast,7243.8136
male,39.8,3,no,southwest,15170.069
male,22.61,0,no,northwest,1628.4709
male,34.2,1,yes,northeast,39047.285
male,27.835,1,yes,northwest,20009.63365
female,28.16,3,no,southeast,10702.6424
male,34.675,0,no,northeast,4518.82625
male,31.6,0,no,southwest,9850.432
female,23.655,1,yes,northwest,21677.28345
female,25.08,0,no,northeast,7325.0482
female,21.47,0,no,northwest,3353.4703
male,42.655,0,no,northeast,5757.41345
male,21.66,1,no,northwest,14349.8544
male,31.68,0,yes,southeast,34672.1472
male,31.5,1,no,southwest,4076.497
male,28.975,0,no,northeast,10796.35025
female,33.99,1,no,southeast,3227.1211
male,30.0,1,no,southwest,2904.088
female,42.75,1,yes,northeast,40904.1995
male,29.7,0,no,southeast,4399.731
female,34.77,1,no,northwest,9583.8933
female,30.115,1,no,northwest,9910.35985
female,26.4,0,yes,southeast,19539.243
male,28.975,0,no,northwest,1906.35825
male,33.63,4,no,northeast,17128.42608
female,29.0,1,no,southwest,7050.642
male,39.805,0,no,northeast,7448.40395
male,22.3,1,no,southwest,2103.08
male,28.025,1,yes,northeast,20773.62775
female,29.48,1,no,southeast,3392.3652
male,30.1,1,no,southwest,6849.026
female,28.12,0,no,northwest,2690.1138
male,38.94,2,yes,southeast,44202.6536
male,27.265,3,no,northeast,4661.28635
male,32.11,2,no,northeast,25333.33284
female,35.3,0,no,southwest,7348.142
male,29.735,2,no,northeast,32108.66282
male,26.18,2,no,southeast,2304.0022
female,40.185,0,no,northeast,2217.46915
male,36.67,1,no,northwest,28468.91901
male,36.765,2,no,northwest,26467.09737
female,34.2,2,no,southwest,3987.926
female,35.2,0,yes,southeast,44423.803
female,28.025,0,yes,northwest,20234.85475
male,23.085,0,no,northeast,1704.70015
female,24.7,2,yes,northwest,21880.82
male,29.83,1,no,northeast,9288.0267
male,27.645,0,no,northwest,10594.50155
female,31.9,1,no,southeast,10928.849
male,38.39,3,yes,southeast,41949.2441
female,36.86,3,yes,northwest,46661.4424
female,36.48,0,no,northwest,12235.8392
female,35.815,1,no,northwest,5630.45785
female,30.59,0,no,northeast,2459.7201
male,41.47,0,no,southeast,9504.3103
female,29.545,1,no,northwest,8930.93455
female,30.495,3,no,northeast,6113.23105
female,36.0,1,no,southwest,8556.907
male,30.875,0,no,northwest,3062.50825
male,32.3,1,no,southwest,8062.764
male,34.2,2,no,northwest,7261.741
male,33.33,3,no,southeast,10560.4917
female,35.815,0,no,northwest,7731.85785
male,25.84,1,no,northeast,3309.7926
female,26.125,1,yes,northeast,23401.30575
male,34.39,0,no,northwest,11743.9341
female,35.53,0,yes,northeast,42111.6647
female,47.6,2,yes,southwest,46113.511
female,37.05,3,yes,northeast,46255.1125
male,24.035,0,no,northeast,10422.91665
female,44.0,0,no,southwest,13063.883
female,35.1,0,no,southwest,12644.589
female,32.34,1,no,southeast,7633.7206
female,26.695,3,no,northwest,14382.70905
male,22.895,0,yes,northeast,35069.37452
male,42.9,2,yes,southeast,47462.894
male,30.8,1,yes,southeast,41999.52
female,35.2,1,no,southeast,14474.675
male,25.745,2,no,northeast,3279.86855
female,23.275,3,no,northeast,7986.47525
male,20.13,2,yes,southeast,18767.7377
female,17.29,2,no,northeast,6877.9801
female,25.8,0,no,southwest,3161.454
male,29.8,3,yes,southwest,25309.489
male,22.1,0,no,southwest,10577.087
female,26.315,3,no,northwest,5312.16985
female,31.4,0,yes,southwest,34166.273
female,22.23,0,no,northwest,3176.2877
female,24.86,0,no,southeast,27117.99378
male,42.13,2,no,southeast,5124.1887
female,26.41,1,no,northwest,5385.3379
female,23.54,2,no,southeast,10107.2206
male,21.4,1,no,southwest,10065.413
male,34.105,0,yes,northeast,43254.41795
female,22.77,0,no,southeast,11833.7823
female,31.825,0,no,northwest,11842.62375
male,36.1,3,no,southwest,27941.28758
female,36.48,0,no,northeast,12797.20962
female,29.26,1,no,southeast,4350.5144
male,24.7,0,no,northeast,12323.936
male,27.36,1,no,northwest,2789.0574
male,28.93,1,yes,southeast,19719.6947
female,20.045,2,yes,northeast,19798.05455
male,32.585,3,no,northeast,4846.92015
female,33.99,0,no,southeast,2473.3341
female,33.2,0,no,southwest,13462.52
female,24.225,5,no,northwest,8965.79575
male,29.48,0,no,southeast,9487.6442
male,35.42,0,no,southeast,2322.6218
female,39.995,3,no,northeast,9704.66805
female,31.6,2,no,southwest,10118.424
female,36.85,0,no,southeast,13887.9685
male,25.8,0,no,southwest,1972.95
female,27.6,0,no,southwest,5383.536
female,35.815,3,no,northwest,12495.29085
male,30.685,0,yes,northeast,33475.81715
female,29.83,0,no,northeast,11286.5387
male,28.6,3,no,southwest,11253.421
male,40.28,0,no,northeast,20709.02034
male,36.1,3,no,southwest,12363.547
male,28.9,0,no,southwest,12146.971
female,38.39,0,yes,southeast,40419.0191
female,31.92,2,no,northwest,7209.4918
male,34.43,2,no,southeast,5584.3057
male,24.32,0,no,northwest,12523.6048
male,31.1,0,no,southwest,1526.312
female,30.78,0,yes,northeast,37270.1512
male,32.3,2,no,northwest,14119.62
female,23.75,2,no,northeast,11729.6795
female,19.855,0,no,northeast,5458.04645
male,36.2,0,no,southwest,8457.818
male,34.8,3,no,southwest,3443.064
male,26.695,4,no,northwest,4877.98105
male,28.975,0,yes,northeast,27218.43725
male,36.85,0,no,southeast,8125.7845
male,28.31,1,no,northwest,2639.0429
male,31.0,1,no,southwest,5488.262
male,23.21,0,no,southeast,1121.8739
male,39.93,0,no,southeast,12982.8747
male,29.15,1,no,southeast,2902.9065
female,20.045,3,yes,northwest,16420.49455
male,26.03,1,yes,northwest,16450.8947
female,32.0,1,no,southwest,8551.347
female,30.4,0,yes,northwest,33907.548
male,36.08,0,no,southeast,11363.2832
male,32.67,1,no,southeast,10807.4863
male,29.64,5,no,northeast,9222.4026
female,25.08,0,no,northwest,14254.6082
female,25.0,1,no,southwest,7623.518
male,21.375,0,no,northwest,7222.78625
female,39.27,2,no,southeast,3500.6123
male,24.42,3,yes,southeast,19361.9988
male,23.7,2,no,southwest,3484.331
male,35.5,2,yes,southwest,44585.45587
male,37.905,0,no,northwest,14210.53595
male,38.17,0,yes,southeast,36307.7983
male,32.3,2,no,northwest,6986.697
female,23.18,0,no,northeast,2731.9122
male,20.9,0,yes,southeast,21195.818
female,36.575,0,no,northwest,2136.88225
female,42.94,3,no,northwest,6360.9936
male,31.79,2,yes,southeast,43813.8661
male,33.1,0,no,southwest,13393.756
male,31.5,0,no,southwest,4402.233
female,34.2,1,no,southwest,9872.701
female,26.885,0,yes,northwest,29330.98315
female,35.8,1,no,southwest,11674.13
female,20.235,0,no,northwest,2527.81865
male,30.115,3,no,northwest,8410.04685
male,32.7,0,yes,southwest,34472.841
male,31.73,2,no,northwest,4433.3877
male,25.46,0,no,northwest,12124.9924
female,31.02,3,yes,southeast,35595.5898
male,23.32,1,no,southeast,1711.0268
male,52.58,1,yes,southeast,44501.3982
male,41.14,1,yes,southeast,48970.2476
male,37.07,1,yes,southeast,39871.7043
male,26.03,0,no,northeast,2102.2647
male,19.95,1,no,northwest,5855.9025
female,32.395,1,no,northeast,18903.49141
female,35.86,2,no,southeast,5836.5204
female,43.89,2,yes,southeast,46200.9851
male,35.3,2,yes,southwest,40103.89
male,24.32,0,no,northwest,9863.4718
female,36.67,2,no,northwest,10848.1343
female,33.44,0,no,northwest,12231.6136
male,26.41,0,no,northwest,8827.2099
male,22.515,3,no,northeast,5209.57885
female,29.92,0,no,southeast,13457.9608
male,24.795,0,yes,northeast,17904.52705
male,33.7,1,no,southwest,7445.918
male,37.29,0,no,southeast,1141.4451
female,26.885,0,yes,northwest,21774.32215
male,29.7,3,yes,southwest,19933.458
female,29.92,0,no,southeast,4889.0368
female,19.8,1,no,southwest,3378.91
male,29.6,0,no,southwest,21232.18226
male,29.26,2,no,northeast,4438.2634
male,21.565,0,yes,northeast,13747.87235
male,30.9,0,yes,southwest,39727.614
female,28.9,0,no,southwest,8277.523
female,28.88,2,no,northeast,12096.6512
male,32.7,3,no,southwest,3591.48
male,33.77,0,no,southeast,1674.6323
male,45.9,2,no,southwest,3693.428
female,18.335,0,no,northwest,9991.03765
male,32.34,2,no,southeast,6338.0756
female,28.31,1,no,northwest,7153.5539
female,24.1,1,no,southwest,26236.57997
female,34.8,1,no,southwest,3577.999
female,32.3,2,no,northeast,29186.48236
male,35.2,1,no,southeast,1727.54
female,30.685,2,no,northwest,8310.83915
female,22.6,0,no,southwest,2457.502
female,28.88,0,yes,northwest,17748.5062
male,26.51,0,no,southeast,1815.8759
male,30.78,3,yes,northeast,39597.4072
male,29.9,2,no,southwest,6600.361
male,21.85,3,no,northeast,8891.1395
female,29.5,2,no,southwest,6311.952
female,30.02,0,no,northwest,5272.1758
female,24.6,0,yes,southwest,17496.306
female,28.2,0,no,southwest,13041.921
female,23.4,2,no,southwest,2913.569
male,34.21,1,no,southeast,6289.7549
female,46.09,1,no,southeast,9549.5651
male,22.895,0,yes,northeast,16138.76205
female,30.59,1,no,northeast,16796.41194
male,28.27,1,no,southeast,5484.4673
female,45.32,1,no,southeast,8569.8618
female,27.93,0,no,northeast,4137.5227
male,37.07,2,yes,southeast,37484.4493
male,28.88,0,no,northeast,2250.8352
male,26.41,0,no,northeast,14394.5579
female,31.79,0,no,southeast,17929.30337
male,28.595,3,no,northwest,6548.19505
male,33.66,3,no,southeast,15161.5344
male,36.19,0,yes,southeast,41676.0811
female,32.6,3,no,southwest,7954.517
female,40.81,3,no,southeast,12485.8009
female,23.18,2,no,northwest,10156.7832
male,27.36,0,no,northeast,2104.1134
female,40.185,0,no,northwest,3201.24515
male,40.47,0,no,northeast,1984.4533
female,40.28,0,no,northeast,2217.6012
female,36.08,1,no,southeast,6781.3542
male,31.73,3,yes,northeast,36189.1017
female,27.6,1,yes,southwest,24520.264
female,33.1,0,no,southwest,11848.141
male,21.01,2,no,southeast,11013.7119
female,23.845,2,no,northwest,4719.73655
male,32.775,0,no,northwest,10601.63225
male,24.13,0,yes,northwest,15817.9857
female,24.3,3,no,southwest,4391.652
female,27.1,1,no,southwest,26140.3603
female,29.355,2,no,northeast,4564.19145
male,31.73,0,yes,northeast,33732.6867
male,24.605,2,no,northwest,5257.50795
female,20.1,1,no,southwest,12032.326
female,32.5,1,no,southwest,6238.298
male,35.8,2,no,southwest,7160.094
male,18.335,0,no,northeast,11534.87265
male,25.9,3,yes,southwest,19199.944
male,22.99,2,yes,northwest,17361.7661
male,24.985,2,no,northeast,23241.47453
male,36.08,1,yes,southeast,42211.1382
female,30.495,1,yes,northwest,39725.51805
female,39.49,0,no,southeast,2480.9791
male,27.94,1,no,southeast,11554.2236
male,27.835,1,no,northwest,4454.40265
male,31.54,0,no,northwest,11353.2276
female,30.875,0,no,northeast,23045.56616
female,29.925,0,no,northwest,8988.15875
male,20.35,3,no,southeast,8605.3615
male,38.17,2,no,southeast,8347.1643
male,21.5,1,no,southwest,10791.96
female,23.18,2,no,northwest,14426.07385
female,34.58,1,no,northwest,7727.2532
female,28.215,0,no,northeast,2200.83085
female,26.125,0,no,northeast,5227.98875
male,35.2,2,no,southwest,4670.64
female,41.91,0,no,southeast,11093.6229
female,21.755,0,no,northwest,4134.08245
male,33.55,0,no,southeast,5699.8375
male,21.47,0,no,northeast,1702.4553
female,39.82,1,no,southeast,4795.6568
male,31.065,0,no,northwest,2699.56835
female,17.29,0,no,northeast,3732.6251
male,38.83,0,no,southeast,12981.3457
male,29.81,0,yes,southeast,19350.3689
female,41.325,1,no,northeast,7650.77375
female,27.36,1,no,northeast,9447.3824
female,32.68,0,no,northwest,13844.7972
male,37.1,1,no,southwest,12347.172
male,30.305,0,no,northeast,11938.25595
male,23.3,0,no,southwest,11345.519
male,36.96,2,yes,southeast,49577.6624
female,29.3,4,no,southwest,15828.82173
female,33.345,2,no,northeast,10370.91255
male,36.3,1,yes,southwest,47403.88
female,24.32,0,no,northeast,8534.6718
male,34.32,1,no,southeast,7147.4728
male,30.03,1,no,southeast,9377.9047
female,24.225,2,no,northeast,22395.74424
male,27.36,1,yes,northeast,17178.6824
male,16.815,2,no,northeast,6640.54485
male,22.705,3,no,northeast,6985.50695
female,25.745,1,no,northwest,2710.82855
male,31.065,3,no,northwest,5425.02335
male,34.43,0,no,southeast,10594.2257
male,24.3,5,no,southwest,5615.369
male,27.455,2,no,northwest,5261.46945
female,20.6,0,no,southwest,1731.677
female,36.85,0,no,southeast,1629.8335
female,28.49,1,yes,southeast,18328.2381
female,36.575,0,no,northwest,8671.19125
male,39.14,0,no,northeast,12890.05765
male,34.485,3,yes,northwest,60021.39897
female,42.13,1,no,southeast,3238.4357
female,29.9,1,no,southwest,7337.748
male,53.13,0,no,southeast,1163.4627
female,30.3,0,no,southwest,2632.992
female,25.27,1,yes,northeast,21771.3423
male,32.3,1,no,northeast,9964.06
male,30.875,1,no,northwest,5373.36425
female,27.83,2,no,southeast,8515.7587
male,41.8,2,yes,southeast,47269.854
male,33.33,0,no,southeast,1135.9407
female,25.7,3,no,southwest,9101.798
female,27.72,0,no,southeast,4415.1588
female,30.5,0,no,southwest,10704.47
female,33.33,0,no,southeast,8283.6807
female,27.1,0,no,southwest,2154.361
female,25.8,2,no,southwest,4934.705
female,39.82,0,no,southeast,1633.9618
female,37.9,0,no,southwest,6474.013
male,25.52,5,no,southeast,14478.33015
male,34.9,0,yes,southwest,34828.654
male,25.175,0,no,northeast,11931.12525
male,39.71,4,no,northeast,19496.71917
male,25.935,1,no,northwest,4239.89265
female,31.92,0,no,northeast,2205.9808
female,29.07,0,yes,northwest,29141.3603
male,17.86,1,no,northwest,5116.5004
female,25.555,1,yes,northeast,20296.86345
male,37.18,2,no,southeast,7162.0122
female,20.52,0,no,northeast,4544.2348
female,27.645,2,yes,northwest,24535.69855
male,30.03,1,no,southeast,1720.3537
male,42.9,1,no,southwest,4536.259
male,26.695,0,yes,northeast,28101.33305
male,33.535,0,no,northeast,13143.33665
male,38.6,2,no,southwest,10325.206
female,34.865,0,no,northeast,2899.48935
female,24.42,0,yes,southeast,26125.67477
male,29.4,4,no,southwest,6059.173
male,29.83,0,yes,northeast,18648.4217
female,34.485,0,no,northwest,3021.80915
female,25.9,1,no,southwest,5472.449
female,27.72,0,no,southeast,2464.6188
male,35.625,3,yes,northwest,37465.34375
female,27.93,3,no,northwest,18838.70366
male,29.355,1,no,northwest,6393.60345
male,32.11,0,no,northwest,2055.3249
male,33.63,1,yes,northeast,37607.5277
male,19.8,0,no,southwest,1241.565
female,33.3,0,no,southwest,1880.487
male,27.61,1,no,southeast,4747.0529
male,27.06,0,yes,southeast,17043.3414
male,23.7,0,no,southwest,10959.33
male,28.31,1,no,northeast,11272.33139
female,44.7,3,no,southwest,11411.685
female,24.13,1,yes,northwest,23887.6627
female,28.0,0,no,southwest,13126.67745
male,24.97,2,no,southeast,6593.5083
female,21.66,0,no,northeast,14449.8544
male,23.76,0,yes,southeast,26926.5144
male,29.925,1,yes,northeast,22462.04375
female,21.66,0,yes,northeast,14283.4594
male,32.2,2,no,southwest,6875.961
male,30.97,3,no,northwest,10600.5483
female,26.7,2,yes,southwest,22478.6
male,29.26,2,no,northwest,6457.8434
male,32.11,2,no,northwest,4433.9159
female,27.4,1,no,southwest,6496.886
male,23.56,2,no,northeast,8603.8234
female,32.775,2,no,northwest,5327.40025
female,21.755,1,no,northeast,13725.47184
female,34.8,2,no,southwest,36910.60803
male,33.4,2,yes,southwest,38415.474
female,33.3,2,no,southwest,10806.839
female,31.255,1,no,northwest,3956.07145
female,21.945,1,no,northeast,4718.20355
female,27.645,1,no,northwest,11305.93455
male,37.1,1,no,southwest,3277.161
female,30.4,0,no,northeast,2741.948
female,26.51,2,no,southeast,4340.4409
female,21.85,0,yes,northeast,16115.3045
female,26.695,0,no,northwest,4571.41305
female,33.4,0,no,southwest,10795.93733
female,29.925,0,no,northwest,2850.68375
female,30.02,0,yes,northwest,33307.5508
male,40.375,2,no,northwest,8733.22925
female,27.28,3,yes,southeast,18223.4512
female,30.21,3,no,northwest,7537.1639
male,23.94,1,no,northeast,6858.4796
female,21.8,0,yes,southwest,20167.33603
male,27.3,0,yes,southwest,16232.847
male,27.5,3,no,southwest,8615.3
male,27.8,0,yes,southwest,37829.7242
female,23.655,3,yes,northwest,18765.87545
female,26.315,2,no,northwest,7201.70085
male,24.32,2,no,northwest,6198.7518
female,24.605,3,no,northwest,12479.70895
female,21.28,3,no,northwest,4296.2712
female,33.11,0,no,southeast,3171.6149
male,37.715,3,no,northwest,30063.58055
female,26.79,2,no,northwest,4189.1131
female,19.95,2,no,northeast,7133.9025
male,23.21,0,no,southeast,1515.3449
male,22.0,1,no,southwest,1964.78
male,26.125,0,no,northeast,1708.92575
female,30.2,0,yes,southwest,33900.653
female,25.74,2,no,southeast,12629.1656
female,32.395,1,no,northeast,13019.16105
female,34.6,1,yes,southwest,41661.602
female,28.215,0,no,northwest,12224.35085
female,28.05,1,no,southeast,6770.1925
male,31.065,0,yes,northeast,34254.05335
male,33.915,1,no,northwest,3292.52985
female,29.735,0,no,northwest,4357.04365
male,25.745,3,no,northwest,9301.89355
male,30.875,3,yes,northwest,46718.16325
male,28.12,4,yes,northwest,21472.4788
female,34.7,2,yes,southwest,36397.576
female,40.37,2,yes,southeast,43896.3763
female,32.87,0,no,northeast,7050.0213
male,34.1,2,no,southeast,23563.01618
male,25.08,0,no,southeast,5415.6612
male,37.29,2,no,southeast,4058.1161
male,25.3,0,no,southeast,8442.667
female,36.385,3,no,northwest,11436.73815
female,23.18,0,no,northeast,10197.7722
male,39.4,2,yes,southwest,38344.566
male,30.36,0,yes,southeast,62592.87309
female,20.8,1,no,southwest,3208.787
male,24.605,2,yes,northeast,21259.37795
male,26.315,1,no,northwest,6940.90985
female,25.8,0,no,southwest,2007.945
